{"cameraMode":{"drawMode":0,"name":"Shaded","section":"Shading Mode"},"sceneLighting":true,"audioPlay":false,"sceneViewState":{"m_AlwaysRefresh":false,"showFog":true,"showSkybox":true,"showFlares":true,"showImageEffects":true,"showParticleSystems":true,"showVisualEffectGraphs":true,"m_FxEnabled":true},"in2DMode":false,"pivot":{"x":-1.6225924491882325,"y":3.082341194152832,"z":0.23070955276489259},"rotation":{"x":-0.06484853476285935,"y":0.8893321752548218,"z":-0.13332681357860566,"w":-0.43256062269210818},"size":6.779904842376709,"orthographic":false}